{
    "states_to_actions": {
        "0": [
            "A0",
            "B0"
        ],
        "1": [
            "A1",
            "B1"
        ],
        "2": [
            "A2",
            "B2"
        ],
        "3": [
            "A3",
            "B3"
        ],
        "4": [
            "A4",
            "B4"
        ],
        "5": [
            "A5",
            "B5"
        ],
        "6": [
            "A6",
            "B6"
        ],
        "7": [
            "A7",
            "B7"
        ],
        "8": [
            "A8",
            "B8"
        ],
        "9": [
            "A9",
            "B9"
        ],
        "10": [
            "A10",
            "B10"
        ]
    },
    "actions_to_resulting_states": {
        "A0": {
            "0": [
                1.0,
                1.0
            ]
        },
        "A1": {
            "0": [
                1.0,
                2.718281828459045
            ]
        },
        "A2": {
            "0": [
                1.0,
                7.38905609893065
            ]
        },
        "A3": {
            "0": [
                1.0,
                20.085536923187668
            ]
        },
        "A4": {
            "0": [
                1.0,
                54.598150033144236
            ]
        },
        "A5": {
            "0": [
                1.0,
                148.4131591025766
            ]
        },
        "A6": {
            "0": [
                1.0,
                403.4287934927351
            ]
        },
        "A7": {
            "0": [
                1.0,
                1096.6331584284585
            ]
        },
        "A8": {
            "0": [
                1.0,
                2980.9579870417283
            ]
        },
        "A9": {
            "0": [
                1.0,
                8103.083927575384
            ]
        },
        "A10": {
            "0": [
                1.0,
                22026.465794806718
            ]
        },
        "B0": {
            "1": [
                1,
                0
            ],
            "0": [
                0,
                0
            ]
        },
        "B1": {
            "2": [
                1,
                0
            ],
            "0": [
                0,
                0
            ]
        },
        "B2": {
            "3": [
                1,
                0
            ],
            "0": [
                0,
                0
            ]
        },
        "B3": {
            "4": [
                1,
                0
            ],
            "0": [
                0,
                0
            ]
        },
        "B4": {
            "5": [
                1,
                0
            ],
            "0": [
                0,
                0
            ]
        },
        "B5": {
            "6": [
                1,
                0
            ],
            "0": [
                0,
                0
            ]
        },
        "B6": {
            "7": [
                1,
                0
            ],
            "0": [
                0,
                0
            ]
        },
        "B7": {
            "8": [
                1,
                0
            ],
            "0": [
                0,
                0
            ]
        },
        "B8": {
            "9": [
                1,
                0
            ],
            "0": [
                0,
                0
            ]
        },
        "B9": {
            "0": [
                1,
                0
            ]
        },
        "B10": {
            "1": [
                1,
                0
            ],
            "0": [
                0,
                0
            ]
        }
    }
}