{
    "terminal_states": [
        "L",
        "S",
        "1-2-3"
    ],
    "states_to_actions": {
        "1": [
            "1_S",
            "1_R"
        ],
        "2": [
            "2_S",
            "2_R"
        ],
        "3": [
            "3_S",
            "3_R"
        ],
        "1-2": [
            "1-2_S",
            "1-2_R"
        ],
        "1-3": [
            "1-3_S",
            "1-3_R"
        ],
        "2-3": [
            "2-3_S",
            "2-3_R"
        ],
        "L": [],
        "S": [],
        "1-2-3": []
    },
    "actions_to_resulting_states": {
        "1_R": {
            "1-3": [
                0.3333333333,
                3
            ],
            "1-2": [
                0.3333333333,
                2
            ],
            "L": [
                0.3333333333,
                -1
            ]
        },
        "1_S": {
            "S": [
                1.0,
                1
            ]
        },
        "2_R": {
            "2-3": [
                0.3333333333,
                3
            ],
            "1-2": [
                0.3333333333,
                1
            ],
            "L": [
                0.3333333333,
                -2
            ]
        },
        "2_S": {
            "S": [
                1.0,
                2
            ]
        },
        "3_R": {
            "2-3": [
                0.3333333333,
                2
            ],
            "1-3": [
                0.3333333333,
                1
            ],
            "L": [
                0.3333333333,
                -3
            ]
        },
        "3_S": {
            "S": [
                1.0,
                3
            ]
        },
        "1-2_R": {
            "1-2-3": [
                0.3333333333,
                3
            ],
            "L": [
                0.6666666667,
                -3
            ]
        },
        "1-2_S": {
            "S": [
                1.0,
                3
            ]
        },
        "1-3_R": {
            "1-2-3": [
                0.3333333333,
                2
            ],
            "L": [
                0.6666666667,
                -4
            ]
        },
        "1-3_S": {
            "S": [
                1.0,
                4
            ]
        },
        "2-3_R": {
            "1-2-3": [
                0.3333333333,
                1
            ],
            "L": [
                0.6666666667,
                -5
            ]
        },
        "2-3_S": {
            "S": [
                1.0,
                5
            ]
        }
    }
}